,tcre,zec50,zec100,zec200
2463,2.101923265513133,0.11516994007546488,0.08163671641992742,0.07330053867056341
2658,1.519182910003206,-0.035800955443378246,-0.13578802552991553,-0.2236915549846481
4204,1.3398624280543912,0.05436951510096333,0.12876429611632223,0.2000708293867457
4743,1.8254772288524146,0.3861376718946068,0.5930180103551068,0.7752208465801784
6941,1.5848587982323337,0.1929964259814223,0.18583940078685734,0.18988656326248243
7267,1.6795592482898962,-0.1981043866857033,-0.2521775638715076,-0.28343282266968517
9765,1.3343789103378665,-0.07767000826294801,-0.1697304721252757,-0.24780136644073458
10917,1.6483349743224784,0.3607437038947481,0.5409935753191761,0.7331417265799081
13465,1.755301904102954,-0.05368145867572949,-0.15138872054458052,-0.22690237388374435
14044,1.3279377416015818,0.20258644229067424,0.3790556345834739,0.5645026699811391
14590,1.6578907787809254,0.2036291313413119,0.3514769307698977,0.4213488898361313
16587,1.8828053181269058,0.041317428562889,0.14468507097660122,0.28309499125523074
20262,1.6902223206728304,-0.12965105806872268,-0.1464022760464232,-0.13121642519943588
21563,1.234489881530985,0.10727821717170682,0.11812945582452117,-0.006784924533884018
23135,1.3953787698933622,0.021511627252192467,0.04907417490517019,0.07841696986651825
23549,1.2820857252328,-0.0386512460845283,-0.04903369515394296,-0.07113356738191623
24153,1.7075907106612398,0.45925057934549995,0.47530088109998303,0.4430975834620261
26929,1.5708260907956877,-0.09326502564306138,-0.15612545979258874,-0.19395246535304267
28750,1.2646651852019475,0.057834978214018395,0.15084607411751239,0.2594900910678195
30135,1.526304083250334,-0.24437443073866727,-0.32045696227879605,-0.40094519423783437
30235,1.590063122252944,0.4995932015154949,0.6276705257889401,0.8629409222423772
31449,1.4865733637878327,0.22968144884025032,0.3529418199066645,0.4278508660368021
34115,1.6206531767537649,0.06353385767669284,0.09438840188973563,0.15247784196391412
34553,1.5289818629791139,-0.07634990336760783,-0.23686566667975573,-0.41607380431821195
35954,1.5020163811690932,0.17757104963309533,0.3113316323183464,0.37681286042540485
37240,1.4785544993516266,-0.032510946536597585,-0.21917097022618792,-0.42407110415029026
37661,1.0962594386565745,-0.03899020118729357,-0.018934979006154373,-0.017022275937795595
39312,1.9067957570630982,0.7278481102255525,0.8138893898786517,0.9654812155944654
46289,1.490657972251311,0.25592741838899546,0.3767666194063908,0.4449273533489826
47806,1.4583407687824548,0.047076914186641394,0.0646119593710035,-0.0012417900536783044
49826,1.50925768199681,0.38701950824549103,0.6284186181732694,0.8230066259997333
51028,1.525763011206556,-0.25663889024598463,-0.3248013128476852,-0.3856391782555455
56941,1.7699250847903327,-0.17074894698004517,-0.2460569731484623,-0.3087419220566916
59310,1.2718861999380886,-0.04493154732614846,-0.062321190381994906,-0.11131217738691679
63193,1.6625842913246456,-0.21516427458698373,-0.275848428086509,-0.32110280653891654
63655,1.5236907229303287,0.03087895824183229,-0.10071773089563507,-0.261673633460054
63687,1.5582065928763895,0.1974300340406363,0.05302563723800913,-0.12887531323975598
68623,1.7112340251321008,-0.02849566134094883,-0.02192685826683083,0.026949928522848943
69612,1.445715572191,0.419282526489162,0.6385414825901263,0.818480911363819
78678,1.741699919746458,0.11888804404487674,0.11225524762249584,0.12267870702646122
79166,1.499722787125131,-0.1899754805303253,-0.2733274274083213,-0.3526308996055607
79234,1.3361012754630983,0.05476806674238999,0.06539406633844602,0.023557138450645443
80934,2.1288336588621544,0.2105570834424717,0.32293949955432266,0.5061975944726353
81281,1.4987452643069914,0.07527342644485069,0.059413754793332885,0.0718957095528776
81697,1.255393033554806,-0.11119583958475165,-0.10567234308797935,-0.1048834005785737
85348,1.6108539450916823,0.20728430024232747,0.1595850836511583,0.027603659575173856
87918,1.4346738734806253,-0.004416816587284211,0.0297775374966609,0.01703958192658095
96688,1.2376759535363469,-0.06397429867437054,-0.04992668104101461,-0.06392059219337454
99145,1.6672922285223633,-0.030074974504042284,-0.012636282184220082,0.07179079950344547
100294,1.6953252859452765,0.0068838241562285685,-0.09503961468282651,-0.18959199571346996
100722,1.0132322531626827,-0.08908436465994851,-0.09913519163780005,-0.1338873871745896
102380,1.2171114772614564,0.09111260725006232,0.1661426066140732,0.2508782419765567
102490,1.6228390756773012,-0.06406766020863852,0.010726170435270577,0.12400115141321155
105297,1.6469004953826634,0.06326200204881594,-0.045097817777342675,-0.14375189120975929
105639,1.7363514857935307,0.007967570083356579,-0.06388463937876598,-0.11503253206338804
109556,1.5763793905470247,-0.14540400753830718,-0.22217806740190715,-0.31440312798383285
109909,1.264783141561912,-0.11687021519905683,-0.12847701351279595,-0.15893630507691103
109987,1.2232326730700074,0.026405335948764375,0.09622912051265642,0.16649948422047212
111132,1.2386037659356934,0.0319010986044701,0.02669842038555137,-0.09952373083339561
111466,1.51365671117328,0.6963534617559732,1.0209288867963404,1.1511996560680884
113527,1.6530091800939335,-0.03243435802309147,0.007601538085988846,0.02226395353689581
113919,1.5460316999400452,0.12869649205332845,0.18676722171823057,0.2708922423579898
121941,1.5444184900962732,-0.15281165679100184,-0.17077831433707624,-0.18876852629443297
123138,1.5503866097620855,0.14321154655622848,0.28525076750042966,0.4770200864394474
123402,1.9422563451551276,0.6987991490357266,0.9403215100345363,1.0264942267826545
124282,1.2069007134908682,-0.10330518408880951,-0.15691112661525275,-0.20951762487662995
124327,1.2940414857330897,0.21904459932161613,0.31232390143199185,0.32025269851049676
124387,1.778352207851337,0.030463237454166014,-0.02201422840130851,-0.0714637483795566
127431,1.9717706411219103,-0.06691478004050433,-0.10603556976038275,-0.11844347441621861
130622,1.3555626331210076,0.763411062043915,1.2120390986857195,1.6443165185838864
131241,1.5488247896521694,-0.05614450674867899,-0.08334813393773066,-0.07973775462728461
132706,1.5025654828039978,-0.011619647832136426,0.01563918411141474,-0.01678272481842047
135289,1.3992923607534868,-0.10811755895178599,-0.14006512615340339,-0.1674322374968693
138399,1.0981980394132624,-0.07023878453085608,-0.06691030136439147,-0.05805054196738668
139657,1.2311549755130107,0.2611796945465399,0.41842564283909156,0.6173032222210044
141476,1.694570646349887,0.44408093917057023,0.6491200579119365,0.799744698702888
141730,1.6533447286690106,-0.23865285032849792,-0.3447405189159267,-0.45837553819022014
144550,2.243990349403114,0.18871331669789626,0.2825598901464681,0.5022301696197897
146758,1.2105345151769475,-0.047538366390148745,-7.928481327823533e-05,0.0628098895830318
148848,1.2621258905383677,-0.04221776266947863,-0.056500410109409094,-0.08071552761479883
150984,1.4437357195123772,-0.26809087425181866,-0.32757883509999197,-0.39059429922319966
154492,1.228001539914094,0.08923662353502482,0.20978067006877033,0.4002436033670713
156852,1.832631920933685,0.03102484389518323,-0.2726698705219641,-0.5578034955006712
157776,1.552280114608478,0.43330789939580727,0.6760466810241508,0.8537410333616675
159421,1.1199146099981512,0.036695420685792346,0.12301769948223495,0.23345768219988572
160091,1.499049289792799,0.1842990386288792,0.20287248103492006,0.2286786331674222
160797,1.5383890629152879,-0.11313064741517631,-0.1509124983376462,-0.18287263501878903
162260,1.3288184568343298,-0.09284618511469334,-0.12291798586085556,-0.19199987749608138
162520,1.3413381590468239,0.02604373022718054,0.04046409736098355,-0.014731966056240164
162602,1.019989669101451,-0.007593036891704319,0.011595301839258054,-0.021052258173614335
164354,1.946984280992294,0.048782757849127556,0.1379810994605588,0.22900164317199234
165693,1.4683735719724442,-0.004369797727532765,-0.1389954385184693,-0.28798452453735734
167517,1.4141644123860422,0.03545207722226418,0.076827363840833,0.07804000282351486
168436,1.8251602242362308,-0.2815484537645172,-0.39450699966958713,-0.5277863019964801
169717,1.3714287455896348,0.10248368093767724,0.19937675457646575,0.2552286367390071
170492,1.2999207496778495,-0.02316634144059848,-0.05966434589729608,-0.06931601240493324
171171,1.2336148174041728,0.2928731162722198,0.19958385072665252,0.06953285884493443
172085,1.8568929756332957,-0.04323316191500326,0.0069376857556284754,0.13081145123250248
172205,1.3974015442560064,-0.037317656239406194,-0.08140289048362748,-0.13045935241861328
175334,1.1553720526963476,0.1545694325058231,0.22780515896732711,0.24531393594323103
175931,1.4806613049880566,-0.18800246483921867,-0.23196179091106828,-0.27914625503537405
179391,1.652605764464703,0.3744975363307663,0.36846341742388544,0.36302077344393213
182388,1.7103314313640545,0.7389630159707623,1.157169145588828,1.5213772917196577
182741,1.430327901119641,0.002433053554995901,-0.08338366860321789,-0.15134898582267264
183538,1.014313533875654,0.17398180200921676,0.23978210843258863,0.25979718875450875
183709,1.7661985153337572,0.2052639477399496,0.36418301935369435,0.6142782176067865
183951,1.2862174875618813,-0.17269951273100625,-0.19510566123514295,-0.222514358788503
184869,1.4202811651559824,-0.07555989872627245,-0.1758809568734836,-0.2907824283161047
186017,1.5793734642387725,-0.01048958163377045,0.021184264495667682,0.09755562712257237
186442,1.7492407037633988,0.2306403692006389,0.23243909345482305,0.2293898320034864
186701,1.3883204806709224,-0.16384946130982225,-0.2030209697853751,-0.23120947123461288
194627,1.7312224860046723,0.5181645149477307,0.39655323696710143,0.2484281607610812
195121,1.5751262429306405,0.6978592224019056,0.7093370975903506,0.6898482088069273
196263,1.5687768302402039,0.21282777343790826,0.37296545383783,0.566423648901468
205709,1.5124327327474014,-0.05190088499747669,-0.07216532298808875,-0.08938622918546768
208589,1.5772539307724553,0.06568954690638651,0.17296192469269456,0.3007043726825849
210099,1.892602312814817,0.3219003101158575,0.49865408459247695,0.7705869823663185
210105,1.5380284295322584,0.10161160222912224,0.14649759083388014,0.21258447460519836
210593,1.4683783368843644,0.4606509313960174,0.6575441431445235,0.7026979487617098
212935,1.8354153915296179,0.1838718506497501,0.3210733130682293,0.45800955700947066
214614,1.4018935982124516,-0.2037067672235029,-0.274015417562687,-0.3449035260224904
216309,1.5826328293603116,0.35502130811034216,0.5492574498302158,0.7397504186711601
217897,1.1907054364722758,-0.027087881104219225,-0.04831380096256632,-0.06557665927309264
218174,1.5791160024541788,0.05225381040627752,0.026936717267829202,0.0520648429558932
218921,2.058447331692683,0.032540692593611364,-0.07067692368575962,-0.20368914896223234
220011,1.9089873352567306,0.35138140151615094,0.5309712622219251,0.5707477562004866
223503,1.3453400235512065,-0.11523590007476758,-0.22137852429276195,-0.32798954067447195
226262,1.923047911810995,-0.13329819500353457,-0.18570135269433585,-0.24514654964281934
228508,1.6617846268057115,-0.10424044229039886,-0.15634033088820143,-0.22475545300828514
228570,1.6737281826802348,0.13624659104009784,0.2988872635002606,0.5638546196595466
228963,2.024536889168574,0.051233049880103465,-0.1487774060493796,-0.35944981006342536
229402,1.1648616661338367,0.1636486794317884,0.2526664280897841,0.3033666230824854
231858,1.8393745225556182,-0.0707098956967862,-0.10597931892173973,-0.12935211441080274
233246,1.512702544335098,0.06818436932779126,0.060974201904832714,0.0480592649636602
233601,1.5742512109822198,0.7341519456366015,0.9343123187702844,0.9240837729657125
233750,1.2252606786673605,-0.043940928455471484,-0.04024094682791657,-0.028058601023441154
235409,1.7960430797086893,0.5157224705106203,0.5499588095864103,0.6742781960846653
236551,1.3417330302151136,-0.23396650735148672,-0.3092462153446487,-0.3916056302524914
239922,1.3102212623102303,0.09123725783393155,0.19236431478910943,0.34198909963359436
240413,1.5663670447231757,-0.22769134058577145,-0.3641210213973458,-0.5155635220143042
240766,1.4581082818300337,-0.023468826386995323,0.01016528935403005,0.05208316929933554
242366,1.273233612767774,-0.017432087575106614,-0.08337439916517453,-0.19977846588022197
244262,1.9007942070555321,0.4535321797482377,0.5860605717220362,0.8795190365264745
244384,1.2349062378717819,-0.07140807136737815,-0.09179320247213951,-0.10545671678356561
246402,1.1149837953493134,0.058175846363338835,0.1220953056048979,0.19443401722626508
246483,1.4157037330816615,-0.1486426794774618,-0.21170453178299153,-0.2544061481629267
246898,1.4256172373557878,-0.09035482332803313,-0.1492978970030261,-0.2107024913615585
247934,1.3399974199795994,0.11307252418541958,0.23994535162649133,0.41254044185163097
253236,1.4110824167319624,0.0703581495116623,0.20476619559103604,0.40631598381086453
254218,1.6651118225162636,-0.16516195824855462,-0.2992339780547273,-0.43228698299854296
254978,1.682002821545109,0.44643636692311883,0.7416547993882823,1.1412201941634819
255850,1.3928343270732548,-0.04058752868593096,-0.011192363468349065,0.031676737157059875
257740,1.4976842008155884,0.04665076047825156,-0.019749219485628133,-0.08651524757991957
260230,1.0369886444195244,0.16181817380870278,0.24230040170288114,0.36122781860985187
261588,1.4563421807864874,-0.172863361015954,-0.23250295256271647,-0.3068312205002903
262232,1.5698713864206986,0.3676920091405076,0.5145171076576065,0.5464373717643403
262686,1.3699608522389093,0.16640073676185918,0.34827905166050277,0.5567241071186526
266218,1.9200776609276917,0.23973371388740938,0.3191450326085765,0.443509467059783
275021,1.6224607599756602,-0.09341683188540606,-0.2060753127324697,-0.3176506971697757
276894,1.0201156961128115,0.019450591690865382,0.05253896785402601,0.06681738270213389
278287,1.1972713733220344,-0.0465307911433801,0.009707510445094547,0.058090753211126334
278614,1.4603558607267724,-0.12345045810139021,-0.19460614064007942,-0.24452910360880087
279477,1.6302378322499005,0.10756634064906567,0.048878104160717806,0.006258180662668478
279879,1.8962912902422597,0.11107909986365128,0.1264150647308866,0.15719976334536545
280844,1.697172220489171,0.2940102181729449,0.3861244354583562,0.37437183732731905
284494,1.319884613682718,0.046875542829210914,0.09448410765152127,0.11872483222436925
291005,1.6232646831368136,-0.224415319019021,-0.25229969554801723,-0.30818951935276484
296139,1.4264702786823924,0.370946681089525,0.48161023225521826,0.3988547984306121
297897,1.541909762661497,0.09076972862369681,0.18062450352570503,0.30977824162007495
298102,1.5717048920398382,0.42368393861565967,0.5791466242608154,0.556404500019205
300752,1.4749965461211818,0.31326596165585596,0.531122574163833,0.7662458820962252
301288,1.3648931242383717,-0.12520554736059175,-0.1451143887704902,-0.15718372169541572
303329,1.6695277226930783,-0.10690421976922715,-0.1477169142884216,-0.18464417086723905
305986,1.379462311135436,0.052734887370750494,0.012898227809233331,-0.03500063293360811
307383,1.3597384494471154,-0.2316666275891064,-0.30474338362175657,-0.3687143463198529
307472,1.1221518027334543,0.006514452969619278,0.021912750156009686,0.04395581700926399
307521,1.1053923950613513,0.23897296573763427,0.39816985290962537,0.5715441827145604
307587,1.4585218944620129,-0.0317013504728878,0.01729534237039876,0.011337890939532747
309316,1.6084370482414976,0.8668708756244554,0.8360041804750187,0.6413253238548056
309355,1.7299261930712455,-0.12952034674737756,-0.13354515896205887,-0.1319923830010412
309465,2.228326969561318,0.2761530217540522,0.3311400516134344,0.3411619512593229
309961,2.0022451723626635,0.23325640043389306,0.3295726209508203,0.43696942565591
312048,1.8001982046941782,-0.13009096347605387,-0.23423829673295216,-0.32338955845006456
313244,1.7167339076040884,0.1059655152903991,0.031043835896432448,-0.011106792954756806
313903,1.1212491142055523,-0.12562756918780904,-0.15713872970683262,-0.19582695763383828
315289,1.5010227162538055,-0.14417544804067428,-0.21984222085795158,-0.2982358857580001
315699,1.4209424764524103,0.10652165190943008,0.10743882860151888,0.09840753525272228
315864,1.4572534106295234,0.31960211425540175,0.468270212771946,0.4808162270935581
320216,0.9485482728622022,-0.0023047806876664856,0.02181768577130938,0.00902141761698283
322372,1.621874063592899,-0.060746878046838315,-0.037949640687133135,-0.05399979497976415
324173,1.6134331781562303,0.429912461994872,0.7644821378844715,1.1290825901527035
326858,1.573767956704135,-0.11280154286072896,-0.1358743706206187,-0.17226874331950248
327410,1.6207856166358965,0.13281575883797814,0.24582177782999204,0.42484483783874416
330003,1.496753703298399,0.31554615936216646,0.23434344405448648,0.1013146126779001
331502,1.3601722717789346,-0.03499575637134855,-0.0343015825913624,-0.026368469849552545
339675,1.5440223738158463,0.425725205412558,0.6359609487295752,0.776877758617228
341326,1.4949551962606842,0.3868773745860201,0.6295633165738383,0.8569051986668286
341987,1.532202233654342,-0.308987640369609,-0.4100605996217417,-0.53641849151068
342608,1.6479273472846534,0.317254950909831,0.1541053387969622,-0.02764280409837494
345953,1.532481491353841,0.11215366122418913,0.16494998126223104,0.13859324443984788
346657,1.4738155465310991,-0.17375300927919501,-0.2004331360779874,-0.23266935234549635
347398,1.4263915695646663,0.10442203281734352,0.12159123407002137,0.17366921608212893
348444,1.2898988761089432,0.10508994134713312,0.16725456161974694,0.21049639636807416
352459,1.229491058876095,0.060288243915333606,0.015208453633088315,-0.005113680733152215
352962,1.891201782069842,-0.16192480193205894,-0.29214114649760425,-0.47172606558666375
354343,1.3974626544789612,-0.09867437555181313,-0.19226789376596343,-0.2872260904825341
364873,2.038587541481419,0.14297121789793055,0.2769199511874749,0.5060544566620564
366862,1.9079733512717154,0.29394616202120805,0.39386211932626747,0.5423915170933586
367984,1.3988611741160464,0.15828305341319493,0.2631877105761078,0.4227950023122167
370336,1.3888116427785593,-0.20605060316911028,-0.2576819701370736,-0.3108119464474639
371076,1.4705273444847842,0.1195618146161328,0.16877714926026655,0.29148493592945823
374094,1.6843566884171184,-0.07402251599992593,-0.12243676731542186,-0.17118118864395115
375769,1.49679639444617,-0.06108530623867536,-0.027838645237916237,0.014608878653455948
377374,1.2146521812321835,0.02514928088636692,0.08884714162008023,0.14408751465869862
378603,1.359618565223079,-0.049042413926019046,-0.006015338599159259,0.06734942266640331
383449,1.588801977653925,0.08346995562972626,0.05645198418797803,0.07126833794133636
384759,1.6434953980471438,-0.3308277488445812,-0.4361649129231715,-0.5556772379624091
388570,1.8470309514197294,-0.07944623462537681,-0.12331397588351267,-0.13398548315212722
394288,1.0982570155790934,-0.10532615607720552,-0.08627469118049746,-0.05253336550130805
399096,1.4478688206919959,0.0641072955940456,0.11969251008152959,0.10378929440520368
404464,1.6260819936111703,0.18643074146751637,0.2608006964800069,0.40579779883295775
409278,1.5035301176299432,0.13986059993606959,0.16141720277707794,0.21723765557999952
409477,1.6367798312072024,0.12528240838605997,0.21017831725597436,0.28965603173587096
410355,2.0070143609253273,0.5098899595448501,0.510235976434307,0.5919037542923777
412037,1.7669253404231182,0.08223094059950053,0.03142444782368714,-0.018031086247054517
412432,1.6231904690895327,-0.001725231314060105,-0.053384160415838044,-0.08933411539986724
415687,1.514922600590713,0.004299723114943088,-0.09780748236057413,-0.17618326000116236
423784,1.4958428342553831,-0.0911518976161183,-0.09662623044350616,-0.1170718651572007
431431,1.8750234774718484,0.02729644366702977,0.1126835539269504,0.23499411245310853
432373,1.2215648939700912,0.40344511049414233,0.5766972789867959,0.6100309889496485
432482,1.0466135708747193,0.008268447622759911,0.018190507424235447,0.02043632928960415
434036,1.4337687431000967,-0.07842307221016265,-0.08754797605405318,-0.08473813796560603
436950,1.9864959235978459,0.32871586853890733,0.27274884717017445,0.29233357615279454
438656,1.7664014980200813,0.10648175089376966,0.1606061730992101,0.2494186160686147
439824,1.3031116226567483,-0.1888037551070494,-0.2545320623363203,-0.3278095927882031
442637,1.3131660387079644,-0.1059709414296015,-0.10427618488400059,-0.11216190963170058
444030,1.758963874452067,0.07571494510861765,0.11053702440759738,0.12501479012084604
445831,1.6767443298059859,0.14825610927535093,0.1355395021322534,0.09795639386439103
446575,1.4606821447097675,-0.05105092736236072,-0.07354476305768243,-0.06331901236349657
450099,1.0220794844970316,0.023788350353116883,0.058939623131803565,0.044645582700204134
450425,1.29891411218341,-0.05960838715782457,-0.059199987604361626,-0.06490519936746386
452867,1.7289593382664472,-0.0401332178855327,-0.05862576009021736,-0.1078028034482561
452883,1.4568064383579553,0.00880169596617697,-0.0029896474466488687,0.011896479186088493
457030,1.0840425084879577,0.014073806702497471,0.04620983882334384,0.03540167941874528
457135,1.1978519665937912,-0.13375441562468104,-0.17961420952873386,-0.24426591325282798
460824,1.5221550363441325,-0.1412645750594157,-0.20426944209886067,-0.24658371569356907
460933,1.3292236951367489,0.21326114858647216,0.4205215331658736,0.6901028648833858
461656,1.6607523392799401,0.11393583367194493,0.13687854931790766,0.20699504437565608
461861,1.507867153473116,-0.054522551820039844,-0.04008071480291164,-0.06538813945926525
461959,1.2516576090598959,-0.12809633945365007,-0.13568514118144637,-0.15257538420382066
465507,1.522284394931226,0.5619532549470003,0.7597341615284443,0.7636971036399354
473863,1.9936666388524464,0.3903351551071135,0.37977603463243637,0.45288327282295193
474068,1.8522956714149534,0.03945862328532179,-0.09231458118100933,-0.2257061785995187
478867,1.5092298770864159,0.040268391214345556,-0.0945432406654807,-0.2420806730805931
479506,1.0980785952790164,-0.01981708859899034,0.014637967581324851,0.05490752202728677
479886,1.2839555062603827,-0.13280489801900597,-0.16802570431152453,-0.22383653727399788
485963,1.2136931890445042,0.4161423777486428,0.7093986382842663,0.9952269140137644
486651,1.6153870688678704,-0.04115715393987318,-0.10082809287645866,-0.15929466771123457
488165,1.1867029763346213,-0.013937330004439641,0.04331993485211494,0.07873655509047794
494893,1.5194446905386387,-0.1974973209282065,-0.29078949854715885,-0.43039335817413216
499322,1.4659141026100282,0.2340510856717808,0.38229584189291477,0.5183800576706616
500770,1.6397952444920296,0.0630607505187295,-0.10019087820793948,-0.3345080519766548
501391,1.6962548228457597,0.018451363521170716,-0.11073694130337586,-0.2552201084916068
503228,1.567930710133615,0.12417137233881093,0.23099705595294506,0.35304100019601514
510784,1.6106530176431662,0.3544595369530108,0.4249752482453366,0.45641124638147
511900,1.5936984899803828,0.3235609676819047,0.44417513439643797,0.4174313009848749
513099,1.667691505225073,0.17173388238790288,0.37813934193208176,0.612514152896471
515755,1.2883450965233507,0.23214343270308957,0.36498337201583797,0.465618135254632
518846,1.2242665898841314,-0.12709538033840428,-0.13421132933002045,-0.15898200522473926
519090,1.966114933412441,0.05959170809568115,-0.03759877110470278,-0.09685626634875688
525815,1.5518363776003112,-0.12916141500440625,-0.1400710121383344,-0.15186527700434804
528858,1.7273945791387972,0.16730134560490817,0.30008773027202373,0.4133623336458503
532629,1.6585869953211974,0.4561154990490526,0.4956773569757915,0.6011641236073182
533323,1.3104796879069158,-0.17743096925208368,-0.21234632025600564,-0.2837509484067924
535730,1.6964091112786857,0.0636226112322078,-0.07432116310819126,-0.2607017868729631
538448,1.4124188468704026,-0.09701618361934172,-0.134073960674306,-0.14589297239280907
538470,1.7067857146269814,0.0803869097483676,0.1690544678762309,0.2349379211140581
540728,1.848365491710894,0.18101599709422667,0.21563615743949915,0.26043273269164
541595,1.5275875161903842,0.09375391682339496,0.13008684285320093,0.046277788547322896
545157,1.2780215723584336,0.011527791147284416,0.06750427114547408,0.15390897926047487
546060,1.6632314188031603,0.16660498995671968,0.33267432846142553,0.5164124369717014
547070,1.267903765235557,-0.0003159660993541369,0.007581318979758889,-0.059554309729699106
548249,1.6286624015031606,-0.0205407308927279,-0.001535890262321482,0.05790552196865284
550799,1.4855207659707617,-0.0648425647963844,-0.11617191401029547,-0.2129423064718836
555714,1.4165856108339565,0.15037377445100097,0.2721235438572258,0.40212529293343335
558035,1.350532755454982,0.2870894951087479,0.4362728591222833,0.49451039387083995
558519,1.5989265566221746,0.2824930966822128,0.3906830819524323,0.4981836766087606
559041,1.8127899777621672,-0.03756758607426214,0.02483298567765213,0.08942991747450835
560773,1.7178757234195918,0.042133380553383004,0.11746173048164232,0.18585175060929737
562858,0.9975312090678777,0.02243890270483495,0.06578942036664481,0.07871346681946789
565707,1.7278447374184713,-0.14019288874363967,-0.20884240278449395,-0.2622786709488174
565714,1.2224023592663162,0.05810625358485222,0.12852636110437698,0.12579438453021452
566336,1.1897388473817374,-0.023849772650332612,0.00889278474202837,0.05160231624141698
567849,1.7706902657820174,-0.2587944199574179,-0.36210948900593487,-0.459976461891517
573617,1.5401409382762212,-0.08284979924792713,-0.06554216198960416,-0.035111673606187166
573774,1.311879084643053,-0.049140806369804,-0.058960720350613505,-0.11240581226472468
574311,1.981458532474408,0.43924629010184724,0.5608822856541851,0.8024391995339877
574462,1.5745846191640982,-0.247160553149826,-0.3122908169618095,-0.3821852533827008
574885,1.9645007596299073,0.7712748927045336,1.1430596457811621,1.5830356334458464
575404,1.70886175018827,0.2567426033965172,0.4903226978171453,0.7828807431831808
577828,1.5152908431318517,0.13197839502388753,0.2278584153986376,0.2662415890043355
578225,1.698913915529504,-0.06839476675636891,-0.08691319301692046,-0.07155574962555522
580555,1.7031880871206022,0.0024625177067019166,-0.05236629600020981,-0.09314341868157694
581007,1.6324153158981662,-0.25002472414993093,-0.328903063020729,-0.40090975820056296
584232,1.3944788968989887,0.06526530587291424,0.1225365990539915,0.18818571915144777
585820,1.4213388282562207,-0.13753455353288313,-0.18524696625748827,-0.20861508653067817
589378,1.4558831632189295,0.02883775291985069,0.14845370011098336,0.32917344350804534
589783,1.3927332472474085,0.20683493345213777,0.3645098195480485,0.5889912659532546
590715,1.6707637180460397,0.0627367004289634,-0.09001751824245696,-0.247951489188325
590918,1.7966711657988221,-0.09997101458432667,-0.13570533864675305,-0.13404958489457974
594329,1.5174819596651332,-0.020538523775240902,0.04982396103567366,0.06718665657639589
595295,1.736398123057748,-0.04390500004055764,0.014938076607356354,0.11915291391301208
601108,1.3169005540441414,-0.1479615227161455,-0.19545501683126765,-0.2304269401604646
601304,1.2981331450450728,0.09900561568944366,0.10071420744732307,0.0889116526716256
603470,1.827176702513972,0.6910302390835645,1.1381511913877933,1.5607468473788693
603491,1.3083784364962594,-0.18594131549340176,-0.2687732400484062,-0.35854586052007786
608666,1.7123374062757812,-0.18757739187293065,-0.28209116062867556,-0.37846871789296843
610672,1.6423390692785849,0.4779719515517016,0.8570595946192672,1.3705259650158226
612383,1.6856396403624574,0.273935278938378,0.11813938107293342,-0.13098225237737893
612440,2.2562020544917445,0.012991067832448522,-0.14062873135333698,-0.30607418169764955
614559,1.3535534505670586,-0.12281554285281437,-0.1477630337782263,-0.19655407204625464
614682,1.6091689907974787,0.14299604564711266,0.14681985075452886,0.21644986675527167
617286,1.228784726224289,-0.1034383131488894,-0.13167805733256843,-0.1726429744850433
618536,1.7272948060277735,-0.17899251775023495,-0.23713669739869392,-0.27916148168717814
619210,1.4789080587878705,0.09140302279383694,0.18173911599610792,0.343705464610524
620646,1.2057655980288455,0.3060340320382844,0.4571813728371208,0.6125834103385797
620693,1.4032338333717418,0.5512091292828891,0.8560122849451506,1.1046949435708397
621159,1.7961700379004162,0.01763778983697728,0.044842433396938386,0.052391243189682246
622685,1.5836179842333622,0.029725367513586454,0.06721680805176766,0.12047408179509245
623409,1.3122006502137338,-0.12028224570780655,-0.11767966094819027,-0.12735926644509243
623776,1.6697716212296072,0.2168580640437454,0.05418174551150545,-0.13060219978456344
629499,1.6814661955675734,0.359598156346552,0.6328306871902118,0.9070347886718408
629906,1.6732904672661373,-0.21529760129344822,-0.24189815796573733,-0.27806703115018405
631652,1.5545761979022448,-0.15636985689257887,-0.18374090975333734,-0.21634344273368278
632187,1.2774439897861374,0.0777435657246639,0.16454207356417339,0.23538502537747608
634508,1.7913146832727587,0.18126406756181757,0.22700084251074992,0.26367454196452744
634803,1.9894190724214216,-0.16206945727349464,-0.24020415516469007,-0.29115084924020174
634837,1.4700162172138693,0.046912623608698745,0.07398974616310161,0.13247964605150275
637986,1.4200728294977423,0.26435524998849713,0.5448833899411187,1.0335869424979114
638084,1.457390550346762,0.34103757702842596,0.2584650675201736,0.13383734944824388
639522,2.0061837581385986,-0.24552790865232588,-0.373983382671945,-0.49398651774113045
648963,1.9728116010447818,-0.060923254068291355,-0.16058473925700456,-0.23622961625932315
650191,1.7015531028912774,-0.10192903520673191,-0.12493075145129007,-0.10963504263048707
654596,1.4376119492531285,0.14391657443503414,0.16178614625934262,0.06410911086258775
659228,1.3266560150305453,-0.007110172529628533,-0.04766373983172256,-0.0645230651847406
659780,1.6363228857382772,-0.27597316933652327,-0.378550117832539,-0.49200745677840296
662815,1.4574549472453828,-0.12433084335859435,-0.15915479458680748,-0.17045778639698295
664739,1.6215559765528185,-0.08191146998804877,-0.19136042954985966,-0.2778917536482801
667676,1.3761829068875762,-0.19554203993292418,-0.3031673095238063,-0.42269903920643725
675661,1.7517599763505418,0.2826900391517555,0.4399665873921388,0.5636965219348988
677223,1.666759138004549,-0.14869622890287193,-0.1549243920736625,-0.1325738985019944
677287,1.3269157915854124,-0.04092977116095842,-0.04831006741212551,-0.05051319289865441
678130,1.514504941478202,-0.10172917031831963,-0.10836143657161657,-0.08552348574483237
678189,1.379102576532776,-0.20230697610659898,-0.25332648475390585,-0.2982572575187785
678333,1.0459570433720684,0.018815197173536413,0.03569365298635918,0.02928114390742964
679994,1.3147250686449081,-0.18369342059109184,-0.2155208601475158,-0.2204279962005644
682452,1.7685993875647112,0.10881648123739462,0.20646425463476015,0.25924868808384693
685920,1.5580377978981854,0.1305665620965446,0.163794673070482,0.24744518229835588
686729,1.0949512910758026,0.12074949680566416,0.2577725964793609,0.3970002836397535
687962,1.8492636793017583,0.09205531129153788,0.004322576122500754,-0.042048445435102
689480,1.3215945113115135,0.021101907300611122,0.09904341955735285,0.22945319500262595
689621,1.8143327300883074,0.537676927145061,0.4952716118655074,0.46563792371110857
693082,1.6829995925533061,0.31827421515189247,0.32253857279095044,0.37547759446700857
696305,1.7247597287930918,0.3523291761800338,0.48361137759219996,0.5006155167874855
696420,1.1063625398856214,0.10542454945838586,0.19813850307316283,0.3107626317913783
696531,1.1366265443859591,0.21956622930080538,0.1897601744566162,0.16379508291251144
697268,1.4296660884195465,0.029574537680604696,-0.052694467288230795,-0.10677164670503614
697596,1.1464016246202466,0.06897343807276979,0.13170147641243268,0.1904590341642578
697904,1.6732104878771448,0.11260184249563254,0.022680398610044117,-0.03926392325161787
698325,1.5507542084768313,0.04609674738850167,0.1419350668567576,0.24223191927071297
701754,1.6684838703091975,-0.12514575169940012,-0.1946847509375056,-0.2393677749659313
703571,1.458134880889499,0.023483118628337962,0.04311458590643702,0.10464245178881759
705353,1.162984258684014,-0.07851338392238771,-0.0719334097501827,-0.045909894870473256
707725,1.7430427780735176,0.17269406434426404,0.10889535021878416,0.05807588672823272
707835,1.8244153324747505,0.07166564503296535,-0.047155024119007294,-0.14098133123357837
710636,1.4805981557887857,0.3307204022278214,0.4613896782723792,0.6291580495004367
712117,1.2854553479902244,-0.09764467569277735,-0.08960878664242777,-0.05930690360483659
716143,1.5500141472212658,0.0587032816796651,0.11094703377074411,0.1513117413625371
716766,1.954060351915897,-0.2780632563977763,-0.3232031698740676,-0.3654527420928715
722329,1.1876490495739007,0.0021995396334075767,-0.008010610973369081,-0.009155188462776964
723321,1.250702333190011,0.37876855582731994,0.6092891740780748,0.7864109658758685
725503,1.277708874496124,-0.15549426149852774,-0.2160960174046913,-0.29700335040749803
726592,2.0242646940250606,0.749783189885457,0.7504663256275044,0.6884475865416007
727557,1.2612003991226428,0.19015910988461093,0.1948561451001083,0.21952656148300798
729519,1.6830664889863969,0.1194170590522976,0.16637027156816364,0.1671512447573864
732632,1.699012233615268,-0.0889556337499966,-0.23451026890558047,-0.3710261171391014
735837,1.359113406627068,-0.04276084710663852,-0.02908976082193626,-0.03276313103685213
739363,1.450277478631531,0.21371373658321224,0.2883158427192838,0.33869927407637923
741101,1.5353099468756035,-0.1749244103563803,-0.18334277999939186,-0.1623013361345067
743332,1.6745574450508431,-0.034658061904240256,-0.030724972499647007,-0.004149530786488498
743478,1.3824604806854306,0.06718642373463002,0.014965035439032492,-0.05906272468839857
748222,1.5783677076085159,0.07704137573734426,-0.006862482999281827,-0.12427570373454966
750670,1.5006976349926329,0.027283801118557882,0.12817744627883032,0.26016649276557713
750861,1.345781189371548,-0.030712546055484236,-0.04900339084384697,-0.05503004180880966
751540,1.4964793205969271,-0.1295404392375077,-0.13530083477052912,-0.10993840876680161
753448,1.522597234546954,-0.1466146617723747,-0.18499853661790522,-0.20369547550323253
756195,1.743331507161166,-0.05252034512090886,-0.16151807950112373,-0.2755571801251311
758972,1.4408489407271114,-0.06083835832558382,-0.05732709762855559,-0.03438936790008529
759595,1.6848372808786434,0.17873160306590896,0.07858588932773625,0.00932852003730833
759993,1.1132775778130597,0.07702700491775638,0.08521453444570448,0.008488010690586911
760514,1.1263800057580777,0.191928844025546,0.3824279075008654,0.6094169561788132
764911,2.365964235335436,0.7377642989962339,0.4552213648027168,0.16292258033641938
768013,1.464463600988758,-0.14817077188679995,-0.24121555523279992,-0.325297365097734
769577,1.9005643290912526,0.9428312202884075,1.3789235188512938,1.7040369406222484
770673,1.2245345153814142,0.11562928503352476,0.06134819954366266,0.016177682008853278
771802,1.7323809730378232,0.677988523139581,0.6238282128964996,0.5548340982418294
775403,1.3109823522782147,0.17888035531537616,0.27368460507344006,0.3783309612731365
775419,1.6178838018478443,-0.1185418001108709,-0.1373556932514548,-0.15305059197317705
779634,2.065926700717809,0.004720733386040177,-0.015838729865869983,-0.12794354937067665
780167,1.4382331198872969,0.13923890310235598,0.20786624232973594,0.21031734512912115
781020,1.5529900918952717,-0.10689535859628041,-0.2216064752232927,-0.3286153857533711
781609,1.2618275760622255,0.057391837214073815,0.05288404351983966,-0.03484289924606365
783249,1.6558384969858844,0.03266119425014291,0.1323233558967576,0.252715506795127
783641,1.4060703510803412,-0.3275353243426413,-0.4167708951454927,-0.5197746288523724
784880,1.1276501377209205,-0.032772834455694344,-0.01670165604300511,-0.06148471759956964
785817,1.2391244242762913,0.15417116113520124,0.06757434781670124,-0.0693668226064017
792829,2.2711584877503217,-0.06757752541211826,-0.18425276173824567,-0.28795278692569326
793433,1.2717401972861153,-0.010686583865678223,-0.08467236330813321,-0.16423382846157342
798079,1.292729357939668,-0.12226098752257308,-0.13113029767582174,-0.1673498269691256
805239,1.2696326894363033,-0.07329481523017334,-0.09904301547484762,-0.10162674666904525
807555,1.4187160222587782,-0.011272820515683346,0.05413440565840211,0.10110299240061793
812523,1.5769751790642075,-0.1985329382269021,-0.30444562224283533,-0.4164556842053382
816404,1.4175085580151006,-0.09836623300641056,-0.14184256081336888,-0.16457388688832397
817621,1.7405580282904944,0.22936653435091015,0.34949395891779034,0.45206818739942767
818388,1.6482967752261868,0.4033168370141327,0.7087789874532573,1.0731186283947804
819257,1.547453704858918,-0.07610624099062235,-0.11756298391317554,-0.1909905449676852
821157,1.5658825081086118,-0.062129498231951796,-0.15928851281131573,-0.2498915451388184
823492,1.9407175499459075,-0.198678235483571,-0.251735893089007,-0.36146279230391465
827683,1.2343362956275516,-0.04726609798047221,-0.08067439729772019,-0.09248608456188112
828367,1.8748377746874536,-0.09576464423151276,-0.18629545567429728,-0.28492069566590783
830790,1.8536064877455138,0.7181927633769631,0.5841684831932374,0.3980504167013974
832146,1.4332101924709129,-0.006085426459325971,-0.009996664021212354,0.023444873011633227
832458,1.6069208433709996,-0.14053022549911254,-0.16729285488293022,-0.18999082813843327
832607,1.6828960517722482,0.6243183798684582,0.9278802504117558,1.0816246290294265
835749,1.5418001886132875,0.020761562721664628,0.017491925021959398,-0.01232630025306758
836334,1.445144256811063,-0.10332710326580141,-0.13733407201835157,-0.13762325736234193
837045,1.2044147710719337,0.16338454407509584,0.1978411627698784,0.14190941561279624
838499,1.5580097350762494,0.5329568461697072,0.7179594859214689,0.6924624178261416
839496,1.699184320046525,-0.05724197248653495,-0.10560143151262413,-0.12983842373022703
841837,1.2053105949265328,-0.04288175354534074,-0.025980335537513,-0.007451074089133813
842806,1.98569574297216,-0.14217001084767333,-0.21090457077834435,-0.2894132311261559
843557,2.1694663604576467,-0.004875206629702422,-0.045313234293320015,-0.05579438391552127
843593,1.6624565636730018,-0.06838960514840697,-0.10898403337527562,-0.13206234732222022
843746,1.6265817728244476,0.3617221251231515,0.5757720046857504,0.7795655985197654
844090,1.6063031960099947,0.23939773851405288,0.24272800760711855,0.2953172391836354
846081,1.629186939364908,0.2925615751738655,0.4109266907944795,0.3818767125285534
847328,1.6114096636758481,-0.023411718361738165,-0.1572593853593358,-0.2931982712597698
847444,1.391192500635496,-0.0594866557845255,-0.10294022473189246,-0.14481389955932578
849194,2.1675099648650145,0.1341753922446265,0.19479980220870008,0.2601630747050723
854473,1.8250385169725956,-0.07801729090597975,-0.07543217937187174,-0.03014842819303354
855122,1.2058192600968476,0.30466092406621414,0.4557401747829697,0.5545295784186699
856505,1.9251427897934175,0.35190305196524996,0.19204631685990137,0.06740012405081242
858448,1.4948686061815848,-0.06549125015766477,-0.15921451062488723,-0.2726712333854022
860748,1.4345581171736663,0.058174293008487865,0.1313279981270321,0.27215898192143895
862548,1.2939229074779703,-0.06558870280793427,-0.11648467262911888,-0.15237994000160304
867808,1.3831700334893668,0.11028961516557723,0.17601518844496034,0.189240195279476
868038,1.3694343406415002,-0.028074249758417658,-0.10386005234041762,-0.16455923584898202
871475,1.424776553854792,-0.020448887789284553,0.02988276563838288,0.08545206286490026
872036,1.7027820394601243,0.22831953467038235,0.25548414407259656,0.3610989967491085
879059,1.594227415602407,0.013816053729296174,0.02364070604622648,0.09019327574068448
882311,1.9783023444233727,0.2692501375174574,0.18176693334289817,0.06945270389642388
884815,1.747280444892922,0.21259578713268956,0.21173410269285142,0.28640624942222814
885927,1.5373635793878666,0.08233142324706089,0.21009309992437064,0.3399410898742965
890676,1.191556836554073,-0.14712218606851057,-0.15615026852095193,-0.17170634602316381
891268,1.4832639539186694,-0.15332727403032465,-0.2711224362534239,-0.37988329538981014
895803,1.203409788803154,0.045988050847827644,0.05709756224034268,-0.007764988108107662
896780,1.5750939034571592,0.27770517347137624,0.29865089738960937,0.35434704756994684
900197,1.2928459264438756,-0.06683653243121457,-0.04925478703225372,-0.08675645956239908
900549,1.1938624965900413,-0.11707276861183202,-0.16333100748773322,-0.19938817276704635
902076,1.342556152275482,-0.14950322720298082,-0.1307381877410263,-0.1038604170894748
904207,1.6108711814827732,0.009039102195021576,-0.0454201822108764,-0.06451298534226102
910561,1.5883870114525416,0.39452453576818014,0.3735181654533073,0.35994600359207873
910738,1.4432437250230834,0.629772792714921,0.9525755653639496,1.3029249027022816
910847,1.1859671498663782,0.04927408613624218,0.08189129386028915,0.08348697766992919
914355,1.2934661467347568,0.02487499341841004,0.08138844907821663,0.10597519159971958
915871,1.5039207225195288,0.10108583494951362,0.1446760568965979,0.2396848340486155
916069,1.4312944355555253,-0.15685996156158866,-0.17193893334987465,-0.19355377288998166
917693,1.502071750645416,-0.025833910994676135,0.008508539735740062,0.0013776708032056106
919938,1.6469522375031276,-0.045493109128938336,-0.05622407251647443,-0.05348922988492655
920764,1.444603825300284,0.17597298739406453,0.2956786679681671,0.4075731278991972
927586,1.2226513959805132,0.12067579194304501,0.19402458214911178,0.3107067571683708
930211,1.6036481784605512,0.2696900133649731,0.3697469726196736,0.3042331444045421
933093,1.5845331952891306,0.5586767409616926,0.8100970503348699,0.9041046905352719
934281,1.2579749997858458,-0.12749181964840628,-0.16149947429303602,-0.20806608459783993
938918,1.3585688470168098,0.16861147965239365,0.3322673158607965,0.5590680239705366
940649,1.6512031323216827,0.05400489718074453,0.11246581336431882,0.18754862065947364
942732,1.509165361030998,0.044203915558788776,0.03256253031289491,0.07437175312285271
946085,1.212469060375727,0.07556132601506005,0.2017000080801039,0.38456594523010423
946385,1.5779334602200223,-0.1336805913945165,-0.17965448770471082,-0.19262875378653943
949253,1.694167287889988,0.12295879802539256,0.09991774478033189,0.0576822038182494
951729,1.504473914338139,0.020226393088920602,0.03400529276913433,0.06044460148271669
952626,1.254756271184888,0.04086392282851392,0.11089095925119286,0.15124429895781422
953867,1.582226358177024,0.9702452438751128,1.0237032752831041,0.9478136257206322
955178,1.2634088084342951,0.4951014455161018,0.7474563507927563,0.8884850298390474
956626,1.4295767130398591,-0.08333405829480589,-0.19399101703465238,-0.31017656246901115
962791,1.751262464950196,0.0643787849718318,0.118369835906315,0.19247192320628748
963735,1.4384301610117576,-0.030215669961523695,-0.006926000219109607,0.03138908658023465
964466,1.6494832544997566,-0.16187557131509167,-0.31160140678033743,-0.48760894521261866
966402,1.326474469495615,0.05574707454333572,0.08791578714887294,0.09527840323308978
969219,1.4690858583450483,0.0328224701002906,0.09506252487751587,0.17833321336922148
969803,1.4964981975011975,-0.11217960618970935,-0.17362623743832284,-0.2405442833932423
972721,1.7377084817628456,-0.025221711551052906,-0.07600418576092949,-0.1431039194332817
973859,1.8284790849532253,0.36838235802319574,0.2468907886381022,0.06579839722075831
975146,1.8640111254995235,0.35689260609054974,0.4763328654383636,0.579481695501926
979254,0.9859920189988798,-0.09985017309039446,-0.10291810802061174,-0.12865492898439213
981491,1.3730869495698108,0.272589643687134,0.5309926243296617,0.9047948835067723
983349,1.960680368353712,-0.15662674711924995,-0.2887725681932567,-0.4179738925513532
985373,0.9563691077623384,-0.07946623113773277,-0.10880332673780768,-0.13143655280641142
988575,2.006226692832789,-0.1957402374981161,-0.3549373890912606,-0.5231070820864769
992152,1.5865132231525998,-0.08090205223468683,-0.06777310310834217,-0.023910466514946105
993579,1.7129522149139764,-0.1365381202942002,-0.17631390350539533,-0.19510132941191505
995062,1.2254744419060326,-0.04111333807409001,-0.11279557453312239,-0.17880479034536778
996055,1.5765685362301454,0.15239151950294194,0.2620599971072757,0.4501561902916922
999384,1.220856305721194,0.18514202523407364,0.3396961655060253,0.49351418810738945
1000262,1.700995014213752,0.3467439637453513,0.47798412154630854,0.620769721460537
1000389,1.0350749449721532,0.15949607374179364,0.209122320192755,0.24384988910379657
1002207,1.5207364206108518,0.12507164670049953,0.07478923073538546,0.03725063716955601
1002236,1.1516753229959242,-0.01190837688814872,0.02742690852427243,0.033953272823293856
1002362,1.461363316009536,-0.15229218507933573,-0.2371930205377486,-0.3098983659812695
1003311,1.522479343308998,0.20177628345740772,0.30634053118806626,0.286390805552881
1005374,1.5503763901721475,-0.013465777524703348,0.05074936618311732,0.10239119495340976
1006507,1.7491377646409343,-0.361988841981816,-0.4679558529953567,-0.5931659582737756
1007901,2.0015100081566914,0.06872814464356347,0.14005345934763413,0.3171373305875287
1010177,1.3910964913240564,0.1782985899956404,0.3185312390113262,0.44731519348990934
1010353,1.3499011456001453,0.2990449663672594,0.40232689410669376,0.40103827852383933
1016736,1.5233223838237406,0.1893570686819981,0.3283962614267113,0.46839476127865765
1016916,1.1502556840091442,0.17850056851685014,0.1294256067932642,0.047654946914747365
1016950,1.7677980355417948,-0.06480261517871932,-0.018206298874696714,0.09062684284924027
1017024,1.701252547923096,-0.16203710850757247,-0.26016053775221226,-0.35605938989303487
1017167,1.3118738660037639,0.08691209769743047,0.12879832549652392,0.1794022579553538
1018680,1.466225472270724,0.317940855454661,0.501799412543152,0.7342835779102379
1020886,1.4692406999816452,0.5725770522598754,0.9585266506959687,1.369113171019975
1026052,1.8635330165901958,0.1153995240737431,0.11500922652100232,0.1527513959898199
1026144,1.3282402050633275,-0.174774008373477,-0.20838818921109792,-0.2448695886888015
1032606,1.7320120707252609,-0.07538306066086942,-0.16982476226749843,-0.2363313310347146
1033737,1.6823183628336835,0.04024633391185839,-0.14686952982043122,-0.3475115704634324
1035037,1.2327755018154851,-0.09434748413484728,-0.11499057487868525,-0.17988254769287093
1036610,1.739508125324741,-0.11089223804177362,-0.09554518344016838,-0.06615546279448203
1038703,1.6596745156912016,0.00944238085123783,-0.03706147134345428,-0.04489915147834922
1039001,1.2455976435556462,-0.21241915493090047,-0.2799138188435768,-0.35883062558850765
1042601,1.55201100595241,0.03512803275395271,0.14301425463099848,0.2682638621258575
1044696,1.2717034550653887,0.130880754593653,0.061762389113557026,0.011224499403495791
1046230,1.982126306500211,-0.00249711287092258,-0.031386479962558056,-0.09883236281965346
1047922,1.5929880586859504,-0.1582708004776694,-0.22614592160052283,-0.2856756299086578
1049312,1.369347666322982,-0.012093453406026633,-0.017635819006549758,0.00027887455309194564
1050493,1.8732375758917108,0.012706638173853424,0.11417319719836683,0.23284273934469102
1052688,1.5060528687778496,0.4485858561721279,0.6721477928429569,0.7694210086400401
1053081,1.0316757462990807,0.16326928491855042,0.24951547908332383,0.25403577001472377
1053986,1.4723475484051627,0.09707177726235106,0.14170196702682825,0.1997338291760793
1054309,1.363819382870735,0.21690806420922937,0.4060022477371157,0.7156832239740081
1055545,1.1923289678044209,0.012838855280682404,0.03203756306063266,0.008803970003280703
1056656,1.5864246348186426,0.03646013206676857,0.07232458373406558,0.16887647403950168
1061223,1.6536420311722893,0.06048310545316715,0.08612053021353083,0.11691444771380866
1062475,1.5435997834000104,0.13440732890172513,0.22543298860477634,0.35464592154129204
1064571,1.5026178948136775,-0.2073259569412398,-0.30420795299432535,-0.4077854154494267
1064695,1.6997465065568358,-0.1031953954036735,-0.10660928442309059,-0.17923701820213145
1064872,1.5842373551622226,0.40168839379392485,0.2713628607570011,0.1205042433127006
1068816,1.4989912709071,0.013986043899444356,0.04179069653542733,0.11334211683050244
1069249,1.5596166747888383,-0.03766510571990245,0.0035135811545996543,0.03022335979904356
1071439,1.1849415677793242,-0.06377792384156145,-0.03873230989891008,-0.0030190762198318843
1072849,1.2777969548937138,0.19118954723043968,0.22903385658279363,0.1822385738683039
1072871,1.4859067539785422,-0.13258558919798524,-0.16415468089913032,-0.17506538816995132
1073715,1.8814496217366226,0.16212665517084623,0.21684253914617457,0.26713237233752185
1073914,1.7371346308189421,0.6220968361351153,0.8864676401144083,1.002651932361411
1074087,1.4472854537610773,0.000773570753891617,0.0413611295747478,0.14253837332918584
1074869,1.5452950181468914,-0.01792164795023754,-0.0012858482196265175,0.058961359235083055
1075630,2.241108632504654,0.004031820068340242,-0.1209414878517796,-0.2304153205379862
1081137,1.303373379238264,0.22308755892954468,0.40249143989001457,0.6247627254619359
1081159,1.2026620561378156,-0.08531765090990295,-0.07603531789867546,-0.05879633131460893
1083258,1.4666571903980576,-0.10662046797575342,-0.21948849612554922,-0.3191155557268748
1086582,1.455907396467699,-0.17698074712247025,-0.3258139230388626,-0.48738570160789263
1094045,1.4557296438994345,-0.03794426435341336,-0.11189098620439242,-0.17983525194771577
1095167,0.9339141237506314,-0.09092099578938195,-0.11112899168586976,-0.1361242196078456
1097115,1.0779367686367882,-0.001377322375016865,-0.012066769747457906,-0.0629603584734375
1106202,1.1754019996613203,-0.06352424367774434,-0.047844084661768704,-0.03739062468174148
1108581,1.6806693817429084,0.16003204066135002,0.30665850796179894,0.5339721878436197
1109813,1.6900482995226966,0.22907663674632572,0.05054514907182894,-0.15058304697780533
1110497,1.545399735229676,-0.11273717868561994,-0.10204829027675055,-0.11472085186653769
1110646,1.284358820863429,-0.1261860555040668,-0.14658938455959958,-0.1526940508332184
1112685,1.4742893104371237,0.27573296938832814,0.48980660206338666,0.7222849424964357
1113978,1.800449454910329,0.3279502508104173,0.3523760516419463,0.14382570179202703
1116997,1.818017809174581,-0.1441326939276757,-0.22347245416741046,-0.27501877815406406
1117671,1.4215301085072483,0.15318470081656343,0.22877118185411938,0.2092133718581075
1120949,1.2773254521181163,-0.11078977392578615,-0.10611509418068166,-0.08359957206800628
1126119,1.3459480666083714,-0.08553728080814116,-0.0654587665077111,-0.08883687664434525
1126180,1.349026051708777,-0.053236686281126655,-0.031136297080105235,0.009624679040773465
1126300,1.6475518993838285,-0.0526490181205197,-0.06858618046935638,-0.1819649408977071
1127687,1.5592471105783463,-0.03341028041796501,-0.04951540800210541,-0.035611562165508426
1134018,1.6994385201112927,0.2855377536459309,0.5391129511820425,0.826346214228902
1136656,1.5080738448112538,-0.04064766534357922,-0.026021551033785784,-0.025139684305699905
1140935,2.5122905463695555,0.32532093446210064,0.22294988211642552,0.18930084484425125
1143251,1.4640517385908831,-0.07635662668811194,-0.17252076187226884,-0.25473825513043113
1144859,1.184193620530757,0.07652056778963989,0.10316681076358147,0.14667041990169682
1145625,1.260061070807478,-0.012352796599140348,0.02808501749194181,0.07212708608728291
1149934,1.7158009900193965,0.3054277649996666,0.1778122188584601,0.025328834238963482
1151744,1.9248523001663664,0.34029368539649685,0.324804498617175,0.37514801176341805
1152803,1.2688248038396797,-0.1847250834968408,-0.26470455986094144,-0.3635174285003958
1155305,1.387557898202193,-0.08570519710679791,-0.09658090294080157,-0.1789129641690972
1155700,1.4599761371959326,-0.07896177018125772,-0.09389633439816114,-0.12392095327387209
1161009,1.5523121854229431,-0.07656602447634064,-0.05535863995594559,0.003209062295872256
1163896,1.4918045237003916,0.003015002470736494,0.08882981256652545,0.24630336971799438
1164406,1.5244387330669946,0.011054173994107686,-0.117593328704656,-0.25533094877104157
1165385,1.333714200438767,0.10259092853418639,0.09788853783955931,0.001662169181605
1165738,1.7006186792765141,0.07444167780938571,0.2331003485592047,0.4446549698181199
1165766,1.3861795939208312,0.013677320380366398,0.048707126799687694,0.09025659089699123
1165971,1.3049660046443745,0.704962733384003,1.0338978275052697,1.2095525302958063
1168032,1.2583819346044656,-0.20207418735257376,-0.23863172758847906,-0.2887601792673946
1169217,1.4167606737058613,-0.2122509533867185,-0.3070404030631624,-0.4061958594579882
1172536,1.3068829392039363,-0.07300333676606918,-0.09752716156463936,-0.1169533158700975
1175030,1.7527276414380937,-0.2562749674852236,-0.38077511804533337,-0.5078997963402909
1175910,1.3653529730708076,-0.07299323887270548,-0.10237469088201356,-0.10094436787694305
1177989,1.7690972010241335,0.16239495618834154,-0.004667827946420955,-0.17875008009698123
1180464,1.4489831345143103,0.0824315846842747,0.12270707104057332,0.1953919917714797
1184616,1.6305341414076189,0.32043836701203854,0.3256110135921144,0.35411639961435704
1188664,1.7468745608307192,0.11915864477581506,0.14987062340418378,0.24953983197995555
1190577,1.8064238884633943,0.11887492442023229,-0.001454392348845479,-0.1271609927159838
1192078,1.277966714194121,-0.10940865038539016,-0.10049637147153678,-0.07246845611508812
1192969,1.2587707399571415,0.1931617903356364,0.24481808880798162,0.2304713003460237
1194843,2.070978641217107,0.23625131558431,0.3998917221776246,0.6357558481196275
1195520,1.389362559176885,0.0817158771408737,0.006455636158345879,-0.06190843755558895
1195679,1.5388590031173095,0.1753966036464345,0.15872369949501808,0.1837369511317224
1199996,1.6015841773333361,-0.21676369648990645,-0.29319639794609476,-0.36807497990764015
1212735,1.4235738225646568,0.3334958416791942,0.591173100423023,0.8614487963049846
1215251,1.961627550364331,-0.14756481783508946,-0.3080886554536515,-0.5098776338767461
1215550,0.9710319770716156,0.049236703141799065,0.06044607954731762,0.08069611034124846
1215738,1.611792678078436,0.0030559493721897812,-0.10772715405423638,-0.23296108814737693
1216732,1.2853051564103466,-0.06430035843907778,-0.07547991530470544,-0.08527856872140926
1218176,1.0202315287363393,0.15566935297456075,0.25354151617277165,0.36068751917459463
1219018,1.2996991714967172,0.12099222209680982,0.2302719502375168,0.35311892905755515
1220105,1.9102123447152182,0.32047224974781674,0.5454950091088331,0.7665369551528958
1220501,1.7291730832372383,0.4284265569349879,0.6908251778576142,1.0246252643977019
1221017,1.4248096959943077,0.050823039711256124,0.06333640403933805,0.07694071088581889
1225177,1.5528488229258448,-0.12767513987620216,-0.17758603314836785,-0.20101459757787188
1228596,1.3249580191834736,-0.014512080594438537,0.03357222380028957,0.08176463298582393
1228623,1.4307687516497587,0.2919359545864295,0.4263857978312431,0.42282798111909714
1228701,2.0659594237315506,0.4294867689646118,0.5160165924580085,0.6316365027002728
1229286,1.314775739576854,0.009083432806607394,-0.043974122713830166,-0.09470166296079063
1229521,1.3612910691345115,-0.16178634522782298,-0.2673993810473856,-0.3828573112002529
1229977,1.3817543915430024,-0.06228899439597879,-0.08365425880625987,-0.09634650438328096
1236821,1.29885049229846,-0.021298752615335648,-0.035755291139993206,-0.059572902325057964
1236863,1.1796534597119215,0.06470983785493023,0.04361969453795833,-0.015525153867892438
1236873,1.4161582546489033,-0.042090607828583426,-0.016918464572247105,-0.05374953623423595
1238772,1.9725323040205756,-0.006498676850887897,-0.10598836038733239,-0.21973314415251588
1241367,1.4068560800296026,0.11477992947818971,0.21023383225878622,0.3692529949865475
1244896,1.7856269163657958,1.0335621960138157,1.0065930046797233,0.6935887744268685
1245965,1.4473303845922467,0.1700387421734677,0.2161545716293083,0.29349813711341155
1248377,1.3513629757234398,0.2929771421998324,0.5059645177092675,0.7073724871857427
1248509,1.6550955535866683,-0.08063818723172256,-0.03870505836717886,0.01851585816367418
1249040,1.2439395971070517,-0.019544793111505365,-0.09031864634043463,-0.1496810886903741
1250293,1.2008842927072443,0.17834875861666988,0.2876845685320719,0.3547866579691108
1255829,1.7858343501533511,0.41076635858533717,0.640756057966354,0.8118625431948407
1258155,1.8636353230640654,0.19702370667510416,0.16771353778362896,0.17810806061682727
1258301,1.3741676783829853,0.0714333491237622,0.04720712752125644,-0.0948992611993984
1265469,1.669117053659343,-0.14812848884587226,-0.17768121166947037,-0.18955216880772263
1266196,1.8698843497499151,0.1431697861151826,0.31248375635046655,0.5181488022558329
1266659,1.5575362708028346,-0.0373395740189959,-0.10939866596543801,-0.16947847258631032
1266703,2.1590247443006394,-0.033139703005825805,-0.1328938998945257,-0.20288906555029795
1271027,1.113223534804808,0.14462329846240585,0.24325282107866286,0.3169859357650029
1271194,1.259391508469689,-0.1264516484990552,-0.1837270174423007,-0.24366656358249994
1271756,1.2835573391340143,-0.08982349606515028,-0.0909413738826963,-0.1298813001798127
1278309,1.4556831096515053,-0.21528118255174178,-0.2681764589951037,-0.3143168791774218
1278845,1.6046432788584761,-0.08808469978890932,-0.06780817483453161,-0.014530696248198138
1279575,1.369280654759722,-0.04966340058843266,-0.052231579870502864,-0.04023863409417561
1281518,1.5654700760141091,0.4087528710882369,0.22128477927423784,-0.04401389823360913
1283332,1.7755991025055238,0.12171498332677921,0.1725311269100105,0.1592672314970196
1285746,1.6451248684546385,0.0796312546475888,0.13529704050034685,0.09208852449162319
1290775,1.397292715790901,0.11112696678446654,0.21460197808054549,0.3329475671915174
1295091,1.476518285267057,0.02183094606010516,0.040768807360733295,-0.02680598347879304
1300438,1.2506015270707878,0.08394693740412484,0.15947553735721853,0.16396883527458472
1301224,1.2362127009380153,0.37616924915066985,0.5124242368071912,0.5378653520314507
1304515,1.5654773355973624,-0.1616057427591262,-0.18304595177761573,-0.20586675980683644
1312628,1.5950186725869657,0.1386732170461904,0.20260563972566192,0.30202446428248386
1315734,1.7705721780322272,-0.004571537884223265,0.06833246516616343,0.2021188513825507
1317757,1.5224400360368722,0.1013248415817587,-0.001921454025780367,-0.08714833088806229
1318615,1.7127075712363915,0.01720053614989281,-0.0039284737282985205,0.02398741963523232
1321096,1.6290975283891416,0.5446685367041262,0.8510371875281728,1.085261055555784
1322672,1.2306563137011808,-0.12103971892428733,-0.13154425800306813,-0.1415537828896536
1324606,1.8651052026497776,0.06841588301510626,0.02840093365716645,-0.020940492339410754
1324887,1.7182721607977038,0.6283099410266937,0.7263690371447988,0.844623093698353
1326097,1.6468202096806017,0.14431263109072834,0.19879325855408592,0.3272542705274615
1326120,1.488972324586432,0.09363313858422684,0.16905137344015975,0.2837764341453357
1326844,1.3890778505298191,-0.11773495904975739,-0.14212228192682774,-0.1551909355019947
1326908,1.7627813174518825,-0.27803047549471893,-0.41360214027934195,-0.5606966799702207
1337287,1.744755323996712,-0.1106366775350891,-0.14517604154844288,-0.13792474297628332
1337891,1.588955031018353,0.307632570747292,0.5607823732654225,0.8532937831640683
1338283,1.4750678263219916,-0.20154412359779528,-0.25956677491458424,-0.30603052520573315
1342996,1.456574177634093,0.06059859587541627,-0.04399637009398627,-0.13796103898018952
1344672,1.2646641483907088,0.20816358135500845,0.23961028445515398,0.14584731336901502
1347159,1.607153928510134,-0.009668742265939834,-0.08720594879732091,-0.14102296087030397
1348109,1.6501602688817485,-0.2819531083539535,-0.4357019689984911,-0.6011173408978314
1348416,1.30405636802049,-0.01682838128736064,-0.05784133363377175,-0.09082873210883236
1348878,1.2870242863708232,0.10204195028195695,-0.0014401492863005405,-0.17197848342314748
1350547,1.520991573711249,-0.008810078259324117,0.03168078135704233,0.12600451229293075
1350805,1.278236258595269,-0.06818052997345703,-0.054705292704623654,-0.03441114746669083
1351363,1.631340895253254,-0.03793355612957594,0.021271646076982176,0.048160702205207295
1351522,1.2713117266345442,-0.07308535084322298,-0.07673815344913981,-0.09338692832594764
1353898,1.3198635020081404,-0.13916457365967672,-0.17953080607591443,-0.20822898970444093
1356754,1.5457360358972756,0.06287833153432709,0.11949380898027062,0.20510464383133664
1357944,1.9528308077827448,0.2597814614965528,0.48035450501356625,0.6667766789539322
1359532,1.705704350831093,-0.051777607402524684,-0.16974233610255673,-0.3397727392080847
1360493,1.441560680430229,0.37425112593923515,0.5441932129525027,0.6127846482812327
1360588,1.041604786782445,-0.13296917609204817,-0.18777723489695208,-0.22590984718213025
1362896,1.3398863109522607,0.15768252671805705,0.26061855858823324,0.3520576737762282
1364899,1.081365930905205,0.3980736413354953,0.7227125471859499,1.1562510305661962
1365484,1.3910897071436814,-0.13873107491860015,-0.17991312357333578,-0.19592570458950953
1366495,1.6716937885337528,-0.02824611517474973,0.027555948440691314,0.10633040723307285
1367478,1.9175288898647662,0.11849130382425033,0.2660028748328904,0.44763380597058644
1376247,1.8003401287979959,-0.060927989337978605,-0.08210572243065895,-0.08166637459288695
1376753,1.577675155300731,0.8195082354593448,1.0354480098679066,0.9750571319777728
1377344,2.0130406966740746,0.24632901072769542,0.21942228234111516,0.200145836529928
1378969,1.5189944004731217,0.017747617606614696,0.061264681476784766,0.15223226492155062
1379755,1.7305855313449734,-0.021293055429402186,-0.046710732385998543,-0.07460363221732669
1380121,1.1015570798554766,-0.0351855364719833,-0.023514561640337606,-0.05996540884934287
1381992,1.695221276702441,-0.04586243096257947,0.003219328506418151,0.11474832202435281
1382857,1.7410732720690736,0.2898503650359956,0.1918451927305449,0.1120057433041115
1387504,1.562213968494917,0.20657621243641366,0.3024582173241057,0.39287470011281767
1391854,1.6639357649075985,-0.13012528214640118,-0.15428830174218033,-0.15853365846510736
1393655,1.270847939937013,0.09774736972890352,0.1856928523432324,0.33609663152313773
1393678,1.7690847685754245,0.0011371725703483992,0.03601564673625757,0.07872937732442464
1394528,1.9482836458530193,0.19747387491160961,0.2774410337213158,0.43268142448292735
1394678,1.1252245696386536,-0.10601832497041452,-0.10950915078873069,-0.1245023519403401
1397262,1.8085523427989725,0.274277252725192,0.43383545838179227,0.6992462092394964
1398862,1.358161550161937,-0.1239471413766069,-0.14246317806914566,-0.14787295268088396
1399160,1.3602480648965092,0.007914010865622823,-0.05426041354641331,-0.10662613440790558
1400692,2.094469378200163,0.14273078388522986,0.24903813195596491,0.2643618497228104
1401126,1.244838708688004,0.10502618913531969,0.160361387595219,0.14335625551542708
1402425,1.6811694763412546,0.20493031883339974,0.2669576445570847,0.3176542033223366
1404233,1.3424004741243516,0.10473477245429041,0.10602255831417517,-0.01261991344129032
1405517,2.0722905855275426,-0.3742127268659603,-0.5077206111111527,-0.6589872674539992
1408963,1.8023435718239738,-0.056196317425064146,-0.1632334663558641,-0.2650065053479935
1412288,1.4236951889405425,0.0846197822493493,0.02830917062941385,0.007425935675358986
1415059,1.7209131923750622,0.0219659814799249,-0.02498740136787614,-0.054312557276229745
1418322,1.6753596145272782,-0.18166930438130668,-0.2920385114520483,-0.40760515832149236
1418644,1.371170016095291,-0.05540275502198333,-0.09407193275243331,-0.11380874125654383
1420003,1.6672314284981573,-0.1308720005164643,-0.15170933347269444,-0.16301754856771034
1420202,1.7080466758238502,-0.10318056110090712,-0.13749251017154873,-0.1727796400599253
1423504,1.4468172045970493,0.011014318550270241,0.07401555302394569,0.15581940813246398
1425167,1.6012532914044253,-0.24198574172234277,-0.3504169202851575,-0.46931833313547844
1428199,1.7573104756051636,0.2913469791644876,0.2964991438947093,0.3244329551179379
1429866,1.3152721446617135,0.033854115574284194,0.004320902615019051,-0.018609895061082682
1430399,1.4699690205800227,-0.05782366789023041,-0.14906683313453506,-0.23221373029358938
1433683,1.8398876129263204,0.6776049075976331,0.9738986278319701,1.2127059559383095
1434675,1.503412407812743,0.0644173924477589,-0.06337742127370971,-0.2435074268891686
1435025,1.3938706250486204,-0.0193272295772855,-0.0002348054866228022,0.05473404448022401
1435959,1.4100257824057738,-0.2768839126983418,-0.3615196260373119,-0.4590656156136579
1436393,1.4244948484471414,0.2831731358188978,0.4845397438144594,0.696497436250642
1437124,1.539510002089509,-0.1651396071588096,-0.19914047264490775,-0.21714500862436203
1438421,1.4604895939315259,-0.066243923272715,-0.07273218044240148,-0.11302990485070397
1438753,1.8965973171245778,0.10008694928593154,0.20146494418230643,0.38047077284074926
1440127,1.0238536053769491,0.06453632173829682,0.12480989764290684,0.15135419685989482
1441722,2.1462786482427862,0.19108228711698105,0.0821045768677573,-0.15050424701346166
1441973,1.9760912497824923,0.35499855329313323,0.31921070757080594,0.3733275979015116
1443065,1.5238403884170033,0.5431751931002173,0.6578997323691143,0.5158973427998088
1445096,1.8061920304268866,-0.26926331869932296,-0.3420825519245825,-0.4006875722455734
1445639,1.749893330996209,-0.018505284077817263,-0.012987287721262009,-0.004889141931119667
1446403,1.3772935763075034,0.03820673763288718,0.03677985405068407,0.027532132067174864
1447286,1.2427045225511129,-0.005582598422684937,-0.05800511206188097,-0.11533162211956016
1448328,0.8725223874786008,0.030872907712303777,0.04748421802695968,0.03668467863769376
1449253,1.197751547777233,0.02882646930670041,0.068251867151496,0.08193209598717544
1449623,1.4836790610500672,-0.0916538044951829,-0.13713649548040685,-0.15534738362553568
1453134,1.5048095736136144,-0.13983671302743406,-0.1683213500858578,-0.1738014267788881
1453401,1.2143149458050237,0.023574290227410755,0.10345176087272168,0.17335747193173212
1455597,1.6462982684344794,0.1548286618771204,-0.0016703338698180747,-0.168482226318436
1457389,1.379712524049436,0.0037747604170306204,-0.002488933021346895,0.01986324900898384
1457857,1.8660524070070623,0.3480226264333768,0.5875044888396539,0.8292869619204202
1457928,1.596409879847669,0.0012699882642766003,0.018041332987656755,0.009896695722012794
1460432,1.5553402688696998,0.13552246937173806,0.19218594907191555,0.29376095451989714
1460860,1.7192005710278346,0.11354237146046242,0.26043072637442366,0.4074138477430882
1463532,1.5988237515177837,0.4143682860355693,0.6330300606376233,0.9079330286524916
1463576,1.496820332516006,-0.14296435709070354,-0.20939692235189344,-0.2862697636702476
1463789,1.331462618331519,-0.05355034531197145,-0.07272488255863108,-0.09204095936052692
1464166,1.4257243977284517,-0.21474182902007688,-0.25737639642424615,-0.3086061639618878
1471512,1.3788287993088937,-0.14238288438838342,-0.2711447543517358,-0.41168260515639254
1474847,1.6652444966245272,-0.17893405723332667,-0.28938038393826004,-0.40380752430638545
1476185,1.170330206160613,-0.12820436416052305,-0.13142863565170027,-0.13480003949152053
1476488,1.59700936095966,-0.08729388669681559,-0.2626134719060498,-0.44869410620466055
1478876,1.7361897858276134,0.036630196504915835,0.08275985339843595,0.11570868447240445
1480683,1.4107437890357293,0.03004515922086326,-0.003490375997261097,-0.0939999868966579
1481773,1.3479015013609574,-0.02431667501758694,-0.04497651029418881,-0.07120626873614544
1483015,1.6185079554058412,-0.10431505840242083,-0.13632105781407988,-0.19615003043350998
1485542,1.4906362195750273,0.7705154283815676,1.0557116483055018,1.1444395277259307
1488439,1.347513134979702,-0.11718429606401948,-0.15756126072194943,-0.19503748814800526
1491472,1.4117277532118573,0.6717873399964063,1.0497674273581956,1.3804224703229058
1493006,1.9522935491119169,-0.23179596557258852,-0.2830094472012086,-0.32873294107744266
1493937,1.5865451456899797,-0.06398366415949819,-0.019517658536811533,0.06709738885106642
1494740,1.8023372890504024,0.036618268385620434,0.07997600903580326,0.2059571642158704
1495454,1.0995447860589622,0.011452812469622708,0.06498388514119058,0.11198425064805462
1496055,1.5304891163235357,0.2753030631218276,0.4295334979361394,0.5467407820176249
1500207,1.6961522890104002,0.7399701472970395,1.1414790626668108,1.4237147933585805
1504347,1.5428526011056598,-0.11009061152857225,-0.2293269296231759,-0.3591684534589408
1507155,1.2591944341012713,-0.07736166381586007,-0.08076681175485012,-0.12800882769781374
1513314,1.1185152564122367,0.053463833474706624,0.10253665984043003,0.0718139149760757
1513542,1.6286688216799945,0.06183994553653993,0.06429400517419648,0.049571820877210016
1516790,1.6163413419829362,0.288863735121752,0.21161556591106856,0.06761705175666677
1518556,1.3614304830404786,-0.05759836972920551,-0.05341814889872154,-0.04187195680505429
1518559,1.6943889522996953,1.0652552150632089,1.1716130520146215,1.2271223757212752
1518818,1.5763983159177588,-0.005188108055019791,0.007085559541324615,0.014930797250428895
1519617,1.8229995476841745,0.6150311399049977,0.8831661479992106,0.9553765908471792
1520613,1.455682104484433,0.12169896405538627,0.25467312457115043,0.42587516220393296
1526947,1.4857830714543951,-0.18567029442632577,-0.2060014000316861,-0.25710800912657783
1532394,1.3618550586380482,0.22386217424410226,0.27598703293604787,0.38257484204883485
1532852,1.5774289117395919,0.2011648335650169,0.31263568639161,0.5121531558714494
1538770,1.5063980478061878,0.212686269132786,0.40967531205931795,0.6254102721371226
1540952,1.1352847276879157,-0.06748610248769693,-0.061649732407243585,-0.06000387086028436
1541435,1.3839126299029536,0.004675948632529847,0.045951667094603854,0.10375243932151434
1541814,1.9993542528061772,-0.13107518623490488,-0.0751403785545981,0.025940667610497847
1542075,1.7665410357866351,-0.07834802724185352,-0.10006116920811925,-0.08639070931502024
1542393,1.3522769767728993,0.19364368021998524,0.19007185540312665,0.19459596108947652
1542446,1.5330974791679024,0.5064607472317486,0.7486109697383001,0.8793945918933685
1542871,1.422447214415499,0.10342662870531827,0.17245997418434378,0.24938518029322698
1546244,1.5028433709312359,-0.15028595213982054,-0.20459067195366076,-0.24499361016340826
1548786,0.9931712411143209,-0.06719344565733576,-0.0779723163658691,-0.13093277919020452
1549367,1.6921582069410686,-0.00654670719425221,0.0038397929243130235,0.05621768069783939
1549497,1.7265733303034079,-0.14015570400877375,-0.1963864824065813,-0.2298393471000817
1551259,1.5188717671870358,0.136882232294387,-0.028909909378076692,-0.2537856664956011
1551528,1.6676280831384755,-0.11500133433796322,-0.18722892085778997,-0.2293746524279816
1554939,1.3730100899391702,0.19030573735385303,0.33868830055617316,0.47345355799452493
1556290,1.5975994918121068,0.04166158523817831,-0.09178427750776752,-0.2560693969419421
1558705,1.0997370451123145,0.10993315342083698,0.13193906420431012,0.08878660918751802
1564220,1.7112056978066716,-0.23001363979416523,-0.3269273496927001,-0.42726094627350375
1566813,1.8235477002291236,0.057310812214714346,-0.002135323381616816,-0.042820405753096535
1566830,1.1504428405089677,0.05579359222512581,0.08028686212120917,0.08681372866693682
1568766,1.7247422294047712,-0.00032693631998892414,0.04334333269085011,0.14733240939608683
1572793,1.4830143954786887,-0.09768675834437857,-0.09317664386888969,-0.06848514206236223
1573090,1.1000499033277484,0.0592971399030755,0.1470661368800068,0.2417533609065663
1573479,1.4354644805387347,0.30869754232970426,0.5317724959809642,0.7824774743188461
1576406,0.9975136987173711,0.1543269519932785,0.21957087758194904,0.2289786701619546
1578844,1.8541293204155873,0.11369207618127697,-0.08701999690124262,-0.33047248581124444
1578909,1.5905937432511503,0.16188001442357014,0.11968940070615308,0.12242319119959078
1579360,1.5353196610701683,0.5168466123716859,0.6804511928165353,0.7179050715441018
1582551,1.320424113036656,-0.00832425484752708,0.06165833488926009,0.16907436457957714
1583204,1.4593487070357383,0.04310261196086662,0.1205308200527313,0.18660568794290766
1584567,1.3349835068666371,0.08474571015935606,0.15019857837067963,0.15307312902737147
1584895,1.7854345787998551,0.21638979638671385,0.26434347348164255,0.2636792820956386
1588527,1.6955173497291152,0.09043010783751892,0.06299779891569335,0.038612045965228825
1589426,1.53848760636754,0.05535138142894769,-0.016918252420448754,-0.06419921762753766
1592375,1.3741773581815189,-0.15363026548181868,-0.16485546632148895,-0.20968882040529313
1593438,1.3915598065745192,0.10160565339824057,0.05039127629382434,0.03266945337632898
1595003,1.3387201861677909,0.32620452805036737,0.5128167531616139,0.6593877942015895
1595963,1.364958632689463,-0.06047119804459111,-0.07112074394894585,-0.08671230817415276
1597740,1.9618904657916607,0.1378867169145166,0.20980696415189248,0.359831551794763
